{
	"name": "xpcalc",
	"title": "XP Calculator",
	"description": "Calculates XP for combat",
	"version": "0.4",
	"author": "Deuce",
	"languages": [
		{
			"lang": "en",
			"name": "English",
			"path": "lang/en.json"
		}
	],
	"esmodules": ["./xpcalc.js"],
	"styles": [],
	"packs": [],
	"manifest": "https://raw.githubusercontent.com/RealDeuce/xpcalc/master/module.json",
	"download": "https://raw.githubusercontent.com/RealDeuce/xpcalc/master/xpcalc.zip",
	"minimumCoreVersion": "0.7.2",
	"compatibleCoreVersion": "0.7.8"
}
